"18001","Mingyu","Liu","mingyu.liu@upenn.edu","1987-01-01","M","N/A","S","yu";
"18002","Shi","He","shi.he@upenn.edu","1991-01-01","F","N/A","S","shi";
"18003","Jingwen","Yang","jingwen.yang@upenn.edu","1991-01-01","F","N/A","S","wen";
"18004","Chao","Zhang","chao.zhang@upenn.edu","1987-01-01","M","N/A","S","chao";
"18006","Zhepeng","Yan","zhepeng.yan@upenn.edu","1986-01-01","M","N/A","S","peng";
"18012","Michael","Jordan","michael.jordan@upenn.edu","1957-01-01","M","N/A","S","jeffrey";
"18013","Condoleezza","Rice","condoleezza.rice@upenn.edu","1969-01-01","F","N/A","S","leezza";
"18014","George","Bush","george.bush@upenn.edu","1959-01-01","M","N/A","S","walker";
"18015","John","McCain","john.mccain@upenn.edu","1939-01-01","M","N/A","S","sidney";
"18016","Sarah","Palin","sarah.palin@upenn.edu","1970-01-01","F","N/A","S","louise";
"18017","Mark","Zuckerberg","mark.zuckerberg@upenn.edu","1985-01-01","M","N/A","S","elliot";
"18018","William","Gates","bill.gates@upenn.edu","1986-01-01","F","N/A","S","henry";
"18019","Steve","Jobs","steve.jobs@upenn.edu","1988-01-01","M","N/A","S","job";
"18020","Larry","Page","larry.page@upenn.edu","1983-01-01","M","N/A","S","arry";
"18005","Zachary","Ives","zachary.ives@upenn.edu","1977-01-01","M","N/A","P","ary";
"18007","Barack","Obama","barack.obama@upenn.edu","1976-01-01","M","N/A","P","bama";
"18008","Hillary","Clinton","hillary.clinton@upenn.edu","1966-01-01","F","N/A","P","lary";
"18009","Joseph","Biden","joe.biden@upenn.edu","1946-01-01","M","N/A","P","robinette";
"18010","John","Kennedy","john.kennedy@upenn.edu","1936-01-01","M","N/A","P","jack";
"18011","Dwight","Eisenhower","dwight.eisenhower@upenn.edu","1926-01-01","M","N/A","P","right"